{
  "target": "home_win",
  "search_mode": "balanced",
  "split_date": "2025-12-12",
  "train_rows": 5852,
  "test_rows": 228,
  "experiment_count": 455,
  "parallel_jobs": 12,
  "parallel_backend": "loky",
  "config_chunk_count": 46,
  "elapsed_seconds": 157.43,
  "feature_set_count": 5,
  "model_count": 7,
  "best_by_validation": {
    "name": "home_win_compact_last_4_histgb_l2_002_recency_1p0",
    "model_name": "histgb_l2_002",
    "feature_set": "compact",
    "train_window": "last_4",
    "train_seasons": [
      "2223",
      "2324",
      "2425",
      "2526"
    ],
    "recency_half_life": 1.0,
    "train_rows": 1292,
    "validation_rows": 233,
    "test_rows": 228,
    "feature_count": 37,
    "decision_threshold": 0.3499999999999999,
    "validation_accuracy": 0.7467811158798283,
    "validation_balanced_accuracy": 0.7484492689410722,
    "validation_f1_weighted": 0.7467811158798283,
    "validation_roc_auc": 0.784891448825875,
    "validation_brier_score": 0.19382547044921844,
    "validation_selection_metric": 0.7591316999473264,
    "test_accuracy": 0.631578947368421,
    "test_balanced_accuracy": 0.631578947368421,
    "test_f1_weighted": 0.6198793267704032,
    "test_roc_auc": 0.7149122807017544,
    "test_log_loss": 0.6686965351945335,
    "test_brier_score": 0.23166425293350462,
    "test_selection_metric": 0.6548240042787185,
    "majority_class_rate": 0.5,
    "baseline_accuracy_delta": 0.13157894736842102,
    "notes": ""
  },
  "best_by_validation_unrestricted": {
    "name": "home_win_all_features_last_2_histgb_l2_010_recency_none",
    "model_name": "histgb_l2_010",
    "feature_set": "all_features",
    "train_window": "last_2",
    "train_seasons": [
      "2425",
      "2526"
    ],
    "recency_half_life": null,
    "train_rows": 532,
    "validation_rows": 96,
    "test_rows": 228,
    "feature_count": 118,
    "decision_threshold": 0.4699999999999999,
    "validation_accuracy": 0.7604166666666666,
    "validation_balanced_accuracy": 0.758695652173913,
    "validation_f1_weighted": 0.7598678229882548,
    "validation_roc_auc": 0.7969565217391305,
    "validation_brier_score": 0.18581851977550068,
    "validation_selection_metric": 0.7703497386656295,
    "test_accuracy": 0.6578947368421053,
    "test_balanced_accuracy": 0.6578947368421053,
    "test_f1_weighted": 0.6577894088669951,
    "test_roc_auc": 0.6806709756848262,
    "test_log_loss": 0.7150506359321468,
    "test_brier_score": 0.2417633041416237,
    "test_selection_metric": 0.664711809298655,
    "majority_class_rate": 0.5,
    "baseline_accuracy_delta": 0.1578947368421053,
    "notes": ""
  },
  "best_by_test_audit": {
    "name": "home_win_compact_last_2_histgb_l2_010_recency_none",
    "model_name": "histgb_l2_010",
    "feature_set": "compact",
    "train_window": "last_2",
    "train_seasons": [
      "2425",
      "2526"
    ],
    "recency_half_life": null,
    "train_rows": 532,
    "validation_rows": 96,
    "test_rows": 228,
    "feature_count": 37,
    "decision_threshold": 0.5499999999999999,
    "validation_accuracy": 0.6875,
    "validation_balanced_accuracy": 0.6843478260869565,
    "validation_f1_weighted": 0.6854431768319439,
    "validation_roc_auc": 0.7291304347826087,
    "validation_brier_score": 0.2186614517415307,
    "validation_selection_metric": 0.6979469113074003,
    "test_accuracy": 0.6973684210526315,
    "test_balanced_accuracy": 0.6973684210526316,
    "test_f1_weighted": 0.6942571178699836,
    "test_roc_auc": 0.6974453678054786,
    "test_log_loss": 0.6654823957079069,
    "test_brier_score": 0.226902616643024,
    "test_selection_metric": 0.6969248096010886,
    "majority_class_rate": 0.5,
    "baseline_accuracy_delta": 0.19736842105263153,
    "notes": ""
  },
  "best_bayesian": {
    "name": "home_win_market_only_last_2_gaussian_nb_smoothing_1e9_recency_none",
    "model_name": "gaussian_nb_smoothing_1e9",
    "feature_set": "market_only",
    "train_window": "last_2",
    "train_seasons": [
      "2425",
      "2526"
    ],
    "recency_half_life": null,
    "train_rows": 532,
    "validation_rows": 96,
    "test_rows": 228,
    "feature_count": 14,
    "decision_threshold": 0.05,
    "validation_accuracy": 0.7083333333333334,
    "validation_balanced_accuracy": 0.7130434782608696,
    "validation_f1_weighted": 0.7052738927738927,
    "validation_roc_auc": 0.7795652173913044,
    "validation_brier_score": 0.25827878770845586,
    "validation_selection_metric": 0.7318345621769535,
    "test_accuracy": 0.5789473684210527,
    "test_balanced_accuracy": 0.5789473684210527,
    "test_f1_weighted": 0.5669172932330827,
    "test_roc_auc": 0.6836718990458602,
    "test_log_loss": 1.6470480452174616,
    "test_brier_score": 0.30564257365608954,
    "test_selection_metric": 0.6085602163302994,
    "majority_class_rate": 0.5,
    "baseline_accuracy_delta": 0.07894736842105265,
    "notes": ""
  },
  "results_csv": "C:\\Users\\Diego\\Documents\\Codex\\laliga-match-predictions-mlops\\artifacts\\home_win\\experiment_results.csv",
  "predictions_csv": "C:\\Users\\Diego\\Documents\\Codex\\laliga-match-predictions-mlops\\artifacts\\home_win\\best_validation_predictions.csv"
}